,0,1,2,3
None,1.5798355463411224,-0.2302453903708216,-0.799309774746084,-2.0686122967497336
"(3, [5, 10])",-0.6187678326855734,-0.45923122300632574,-0.5626871875625,-1.0624999375
"(10, [2, 6])",-0.5,-0.6240601109780977,-0.5,-1.8721579254615177
"(6, [8, 10])",0.6457149789935889,-0.49975,-0.32422030527049517,-1.2289230237474753
"(10, [9, 10])",-0.7927773125,0.09061970701757938,-0.23852422109734323,-1.3089457071118926
"(10, [6, 7])",1.4645802081620127,-0.5,-0.50025,-0.5
"(3, [7, 9])",0.0,0.0,-0.5,0.0
"(3, [1, 4])",-0.22317137297575546,0.0,-0.988578645853383,-1.0
"(1, [6, 10])",-0.07666996348363819,1.3302634763811834,-0.25025,0.5
"(5, [7, 10])",-0.20625385826417741,-1.0766683336454164,-1.0622500625,-1.0
"(10, [5, 9])",-0.0625,0.25677487007338495,-0.49304155526951565,-0.3059842101211907
"(4, [7, 10])",0.2945816279534602,-0.8494057870209037,-1.1247500000000001,-1.5
"(6, [2, 2])",0.21797343233619682,-0.25,-0.3264440699058395,0.0
"(10, [1, 10])",1.0046587299950565,-0.2490755120693081,-0.5,-0.6645175916516821
"(10, [1, 7])",2.061250648079139,-0.25,-0.5,-1.315371253490965
"(4, [6, 8])",-0.74975,-0.5,0.0,0.0
"(10, [8, 9])",-0.6880826147680785,-0.5,-0.375499875,-1.0775512507128964
"(2, [10, 10])",0.9305058871578793,-0.7031562109453124,-0.12811789636840432,-1.5
"(3, [2, 8])",0.0,-0.25575147401196585,-0.5,0.40634375
"(7, [9, 10])",1.2015241474938338,-0.5,-0.75,-1.0
"(2, [6, 10])",0.36925283369456685,-0.5,-0.5107613087547677,-0.10822113634810004
"(10, [7, 9])",1.3508674262873197,-0.5,0.0,-2.027074592501952
"(10, [5, 5])",-1.2604397658464472,0.3124375,-0.5,-1.0
"(7, [1, 4])",-0.43737499999999996,-0.0376277794594011,-0.013456711654471376,-0.06213386554414946
"(10, [6, 8])",-0.5,-0.6409843125,0.38999443631469316,-1.4376874375000002
terminal,0.0,0.0,0.0,0.0
"(4, [1, 10])",1.0669094406110122,-0.24479291692238925,-0.0600445872935661,-1.5
"(5, [2, 10])",1.013860416511568,-0.7073752705901537,-0.5,-0.5158932919332573
"(7, [7, 9])",-0.23857611331249218,-0.5,0.0,1.0470772155268693
"(9, [4, 6])",0.8298280079925786,-0.5,0.0,-1.4184950516414738
"(10, [5, 8])",1.618710732912469,-0.5,-0.10048103861489965,-1.0
"(8, [8, 10])",1.0468347998648857,-0.7229341503319169,-1.1870625000000001,-1.0
"(10, [5, 7])",-0.09801926724299848,0.10270921008881245,-0.74975,-1.0
"(2, [4, 10])",-0.10680578436627142,-0.16301671337327828,-0.5,-1.0725352548845388
"(2, [4, 9])",1.205994011624287,-0.624999875,0.0,0.0
"(2, [9, 10])",0.4256134822002307,0.0,-0.9094490972780023,-1.0
"(10, [6, 6])",-0.6799220224899222,-0.7209612966273015,-0.75,-1.788960252830801
"(8, [3, 7])",-0.25,-0.5,-0.3764456694550654,-0.2790327481854027
"(9, [4, 8])",0.0,0.4728234620146655,-0.05409654731028107,-1.0
"(7, [7, 10])",-0.8669135475933516,-0.6641012423046875,-0.12550012500000018,-0.9569179408607985
"(6, [1, 4])",-0.3207419375,0.0,-0.5,-1.0
"(10, [2, 10])",1.9864810616307198,-0.34182602979146176,-0.2744699777933831,-1.0
"(10, [6, 9])",0.002842950960645574,0.5767215652307249,-0.21867274026236602,-0.299081808962266
"(7, [5, 6])",-0.624875,-0.5,-0.5,0.0
"(10, [3, 7])",-0.14681806321645186,1.3932449205864912,-0.5,-1.0
"(1, [10, 10])",-0.16852823520221605,-0.7218788066679638,-0.6211330273719176,1.912759598685345
"(4, [6, 9])",0.49960519710282403,-0.5,-0.74975,0.0
"(10, [4, 5])",-0.5,-0.9237262084559879,-0.34732003194410366,1.5383773701783676
"(10, [3, 9])",0.05121236298813714,0.75,-0.5,-0.6251222769385064
"(5, [5, 10])",-0.6875,0.27187911238720214,-0.5,-0.5141776797304609
"(3, [9, 10])",-0.1875,1.1164636797577712,-0.375499625,-1.6423295682714192
"(8, [9, 10])",-1.1857959677604477,-0.43775,-0.5,-1.0
"(10, [8, 10])",0.7039099913348315,0.03031596856986779,-0.6118142267928066,-1.3023059100991734
"(2, [4, 8])",0.0,-0.5,0.0,-0.25
"(6, [2, 10])",0.6814077716554179,-0.09462873698945229,-0.4666273712352719,-0.9369296419333802
"(10, [4, 10])",0.6894734059660129,-0.045609294912548504,-0.036245888837507234,-1.902852865329384
"(10, [10, 10])",-0.7765526408180551,0.14738012968775266,-0.6909152269829653,-0.6531583834405424
"(1, [3, 4])",-0.43700012499999996,-0.11732032030468753,0.0,0.0
"(2, [6, 9])",-0.1167408156508134,0.0,0.3605059568204121,-0.25024999999999986
"(7, [2, 10])",0.506488777093751,0.0009117961212548042,-0.18843718756250005,-1.0
"(6, [8, 9])",0.0,0.0,-0.5,-1.0
"(7, [1, 10])",1.300616241311599,-0.75,-0.5081966459666286,-1.0
"(8, [2, 3])",-0.3577141079255841,0.0,0.0,-1.0
"(7, [5, 10])",-0.2229692407479903,-0.5,0.0,-1.0
"(8, [5, 9])",-0.16996596221200605,-0.5,-0.3106085869416686,0.0
"(10, [7, 10])",1.3040239889125975,-1.0667461148633812,0.15728025950813518,-0.5694062066740058
"(4, [3, 6])",-0.5412814695034018,-0.6683340854294558,-0.5,0.0
"(2, [1, 2])",0.0,0.0,-0.5,-1.0
"(6, [7, 10])",1.2229307350380467,-0.75,-0.5,-0.9479788211050312
"(4, [3, 8])",0.969868395467391,-0.3945956167220883,-0.5,-1.2731549180267963
"(9, [3, 8])",1.6789531093906171,0.0,-0.5700119690607897,-0.75
"(3, [10, 10])",0.3608601520679958,-0.9862828757528268,-0.7875270509958737,-1.0
"(9, [4, 9])",-0.25025,0.05890223288329871,-0.5,-1.0
"(8, [1, 7])",-0.25,0.0,0.0,-0.75025
"(5, [4, 9])",0.5,-0.250375,-0.5,0.0
"(10, [5, 6])",-0.2246395839877927,1.0291672068199293,-0.6312427569819299,-1.0
"(6, [9, 10])",-0.5755914243965973,-1.3746871250625001,-1.096282177861296,-1.0194698785303768
"(3, [2, 5])",-0.08691869506342509,0.0,-0.5,-1.0
"(3, [1, 1])",0.09663842614430185,-0.5,0.0,0.0
"(9, [9, 10])",-0.9057451207598262,-0.9390646557769807,-0.9473079519787778,-1.0441820128989203
"(10, [8, 8])",-0.75,-1.3454629217898715,0.04524165441993555,-1.0
"(9, [7, 8])",0.5342397966220611,0.0,-0.75,0.11911350771686902
"(5, [9, 9])",-0.5,-0.5,-0.74975,-0.10252375546101666
"(8, [3, 5])",0.0,-0.1623229174826123,-0.0005000000000000004,-0.75025
"(2, [2, 10])",-0.23276459555661355,-0.18775006250000004,0.0,-0.5
"(3, [4, 10])",1.140930519136453,-0.5,-0.01585736899935275,-1.0
"(5, [2, 9])",0.0523683460785333,-0.5,-0.5,0.0
"(10, [6, 10])",0.29339021984932834,-0.5770143160435062,-0.7116873996762605,-0.9460546249999999
"(10, [7, 8])",-0.6462751076547271,-0.5432515446130253,-0.5,-1.609580351766324
"(4, [5, 10])",-0.3582853647918354,-0.847859627585161,-0.43768762499999997,-0.25
"(8, [1, 9])",-0.5,1.4539560301148349,-0.5,-1.0
"(1, [6, 6])",0.0,-0.5,0.0,0.0
"(1, [8, 9])",0.0,0.8863579398796461,-0.0998223600809296,0.0
"(3, [2, 9])",-0.5,-0.5,0.0,-0.544871745089962
"(1, [3, 10])",0.16385984447580054,-0.5,-0.6251249999999999,-1.0304843811824766
"(3, [1, 7])",-0.25,-0.5,-0.1546889263671964,0.0
"(10, [5, 10])",-1.0854073061525684,-0.7798582807130573,-0.99975,-1.1665193158226494
"(3, [1, 2])",-0.5,-0.5619096616191813,-0.5,-1.0
"(5, [9, 10])",1.06504000003117,-0.8779233266655264,0.08622477863158462,-1.0
"(2, [6, 7])",1.8572982906655802,0.0,-0.625125,0.0
"(9, [2, 10])",0.8885407831116772,0.0,-0.5,-0.75025
"(10, [3, 4])",-0.42798298798359685,-0.17812715042568805,-0.5,-0.36319678695210267
"(7, [6, 9])",-0.25,-0.002616138488729436,0.0,-1.7502213104583477
"(3, [4, 6])",0.0,-0.21799275753045694,-0.74975,-1.0
"(2, [1, 10])",-0.49987487499999994,0.3553241664439182,-0.5714840628739799,-0.75025
"(4, [9, 10])",-0.09493385786152952,0.4996048019047287,-0.34119720912494234,0.0
"(5, [3, 6])",1.0404378715175904,0.0,0.0,0.0
"(1, [4, 10])",0.41725884967059823,0.0,-0.7628188713429556,-0.593764741842324
"(9, [10, 10])",0.8994959044846087,-0.28498012419656404,-0.5,-0.547156171875
"(5, [2, 6])",-0.0005000000000000004,-0.25049999999999994,-0.5,-1.15634353121875
"(3, [1, 10])",-0.7022612865765955,-0.9471602446403269,-0.5715495555695005,-0.7864380622198176
"(2, [3, 5])",-0.33006251292978167,0.9607788365824816,0.0,-1.0
"(9, [8, 10])",-0.31652134649286534,-0.5175943120523503,0.31682339680079774,-1.0
"(7, [10, 10])",-0.5773933017737083,0.16145651544808187,-0.6407840486623085,-2.12437525
"(10, [1, 3])",1.239180575707226,-1.350628642096494,-0.5875834325442646,-1.0520278667697178
"(8, [3, 6])",0.0,-0.25,0.0,1.1711630599488199
"(10, [3, 10])",0.20768544399993383,0.06420405979548127,-0.3768515363851546,-0.5085933595311953
"(6, [1, 10])",-0.4475140319953297,-0.08566444825560271,-0.5,-0.5972085544231259
"(10, [1, 5])",0.9705985890888909,-0.6890502817407227,-0.9039929873284516,-1.0
"(1, [4, 6])",1.3937889231082394,0.0,0.0,-1.0
"(1, [4, 7])",1.5764853446298874,-0.624625,-0.624999875,-1.296671765640625
"(5, [1, 9])",1.0004689004744793,-0.25,0.0,0.0
"(7, [3, 8])",-0.3530543844150593,-0.5,-0.5,0.0
"(3, [8, 10])",-0.7812436590029159,-0.751295586657194,-0.7165061873276195,-1.0
"(5, [1, 6])",0.9401149822108877,0.0,-0.5,0.0
"(1, [5, 10])",1.3010561084999381,-0.5,-0.75024975,-1.0618750625
"(1, [2, 4])",-0.396143777617126,0.0,-0.9995,0.0
"(7, [5, 8])",0.6363011965937742,0.0,0.0,-0.061345605524731894
"(6, [1, 8])",-0.07970208716280691,0.0,0.0,0.0
"(6, [2, 5])",0.0,0.0,0.0,1.9960805800673849
"(7, [4, 6])",-0.4770617659374453,1.2528490540819273,-0.5,-1.0
"(3, [6, 6])",0.0,0.38152170826995846,0.0,0.0
"(3, [1, 8])",1.6605714912653402,-0.5,-0.6251249999999999,-1.0
"(8, [10, 10])",0.681383791017101,-0.20012527888719034,-0.29535564749940385,-0.5
"(4, [6, 10])",1.0230430452658972,0.125,-0.5,-0.3176291355770642
"(3, [3, 10])",0.2214579258542948,0.0,-0.75,-0.650049099136639
"(10, [1, 9])",0.7215908984177986,-0.5,-0.5,-1.015624984375
"(8, [1, 10])",0.841276132180806,-0.6878121875625001,-0.74975,-1.0
"(8, [7, 7])",0.630728888675672,0.0,0.0,0.0
"(8, [7, 10])",0.8750993475051065,-1.2845107231907127,-0.6446795664999844,-1.0638034878749139
"(1, [4, 4])",0.0,0.9995,0.0,0.0
"(6, [1, 6])",1.2128128039874873,0.0,-0.25025,-0.875125
"(4, [2, 10])",1.1106759407603612,0.2822460968440298,-0.7432745982492631,-0.7760785582179699
"(1, [3, 5])",0.0,-0.5,0.0,0.0
"(6, [4, 10])",1.1814030212677245,-0.26387208873985357,-0.25854639871870316,-1.2502499999999999
"(8, [6, 8])",-0.05485585843199592,0.0,0.0,-0.8551627763840748
"(4, [8, 10])",-0.1917257257852929,0.0,0.0,1.0
"(10, [1, 8])",1.8615939562515522,-0.624875,0.0,-1.49975
"(10, [2, 5])",-0.16615990107898998,-0.5256053608052077,-0.5476471569645953,-1.5
"(6, [3, 4])",0.5,0.0,-0.5,-1.0
"(2, [5, 10])",0.6342739208970665,-0.5,-0.5,-0.4696245001874688
"(3, [5, 9])",0.0,0.44466756119798295,-0.25025,-0.020046812531246072
"(9, [1, 7])",-0.5,0.16989149555255267,0.09265640621875004,-1.0
"(2, [8, 10])",0.5015639571316166,-0.7840640243045455,-0.75,-0.5
"(3, [4, 5])",0.0,-0.31717886874851786,-0.09938440514040026,0.0
"(9, [7, 7])",0.0,-0.5,-0.4944822442441289,0.0
"(10, [2, 8])",0.26325104421787254,-0.510675578691709,-0.4065934687812499,-1.7542257024833072
"(3, [2, 3])",-0.3991105387752273,-0.07356904056366909,0.0,-1.0
"(4, [3, 7])",0.4965143234312066,0.0,-0.5,0.0
"(4, [4, 10])",0.8316491143155063,-0.22190957609842732,-0.8927786731902911,-0.7237943510279079
"(5, [3, 4])",0.0,-0.25025,-0.5,0.0
"(6, [3, 10])",-0.4398613950560232,0.40621874999999996,-0.9371291892826888,-1.5
"(7, [3, 10])",0.29964385470442223,-0.5,-1.5564807815515764,-1.24975
"(10, [9, 9])",0.7046479309074709,0.0,-0.12537500000000001,-1.0
"(2, [2, 8])",0.0,0.0,0.0,-0.004296029729937756
"(1, [1, 7])",0.0,0.3745,0.0,-1.874500125
"(7, [5, 9])",-0.3029719369032492,0.0,-0.5,-1.5002377114860304
"(8, [6, 9])",0.0,0.5038032233860472,0.0,0.0
"(3, [2, 4])",0.0,0.22913317545567755,-0.18799968762499997,-1.0
"(8, [2, 2])",-0.5,-0.05202706720752964,0.0,-0.5385751168148234
"(5, [10, 10])",-0.982839087216212,-0.91609590592732,-0.9374374999999999,-1.0
"(5, [1, 1])",1.9644387921602597,0.0,0.0,0.0
"(6, [4, 6])",0.918134329204481,-0.5,-0.2347030625,-0.6294372579062383
"(6, [1, 7])",-0.5,-0.8344442311754646,-0.75,-1.0
"(2, [6, 8])",-0.5,-0.12549987499999998,0.22073646792844048,0.0
"(5, [8, 10])",-0.13822141614644928,-0.1840769940678903,-0.6445690242523137,-1.0737705916325568
"(3, [2, 10])",0.8328261100307064,-0.88529801634354,-0.5,-1.0
"(9, [9, 9])",1.1224629538310493,0.0,0.0,0.0
"(8, [5, 6])",1.7437004381184298,-0.25025,-0.5,0.0
"(5, [3, 10])",-0.5,0.5511772465139809,-0.5148246485845298,0.283560010746154
"(8, [4, 9])",-0.24891458247937798,-0.25025,0.0,0.0
"(1, [7, 10])",-0.5184063169631263,-0.7701044098653178,-0.5,-0.6521690564072966
"(3, [3, 6])",0.0,-0.25,-0.6270653303350064,0.0
"(4, [1, 9])",1.8366567575646868,-0.5,-0.6152667697408318,-1.0
"(7, [4, 10])",1.8348718277442297,-0.50025,-1.0735654907127323,-1.0
"(9, [1, 8])",0.5197959220662304,0.5,0.0,0.0
"(9, [4, 4])",0.0,0.0,0.0,1.5
"(6, [5, 5])",0.375000125,0.0,-0.5,-1.0
"(1, [7, 9])",1.4100597339377765,0.0,0.0,-0.6012084272086021
"(6, [10, 10])",0.45684538869852637,-0.3841019727475238,-0.16690044154127076,-0.15658781421406598
"(6, [4, 5])",0.25,-0.6583631289726738,-0.5,-1.2256815937659535
"(8, [2, 10])",0.3195501972230589,-0.4584258995683616,-0.8867749709895969,-1.5939062499999999
"(2, [7, 10])",1.1067002208585954,-0.12002996967458818,0.0,-0.3448431564062501
"(2, [1, 7])",0.8584775946074445,0.0,-0.7691720914416792,0.0
"(4, [4, 6])",0.0,-0.5,0.0,0.0
"(1, [1, 4])",1.5851140017029164,-0.5,-0.75,-1.0
"(7, [8, 10])",0.2537292223652422,0.749804861940509,0.0,-1.0
"(2, [4, 5])",-0.21830054409958088,1.0927577415455425,-0.8201482890546875,-0.6622315086365661
"(3, [6, 7])",0.3878912930216442,0.5,-0.4381866876875,0.0
"(4, [2, 7])",0.0,-0.5,0.0,-0.6177029999843828
"(8, [5, 7])",0.25025,0.0,0.0,-1.0
"(9, [7, 10])",2.2709060118969147,-0.999625,-0.7494071850768209,-0.5839902033187203
"(8, [6, 6])",0.0,-0.12549303918518073,0.0,-1.0
"(2, [3, 10])",0.05233506467008597,-0.848583512313329,-0.796968734375,-1.0
"(9, [5, 10])",-0.09808221017026875,-0.6033944030402307,0.2001409202882224,0.0
"(3, [5, 8])",-0.37381566478340755,-0.12807356489252364,-0.5,-0.43964827738279877
"(10, [1, 4])",-0.6497819714007537,-1.0050701432465248,-0.5309584740046329,-0.9075707030368139
"(5, [7, 8])",0.0,-0.25,0.0,-1.0
"(6, [2, 4])",0.3612483895240529,0.0,0.0,-0.75025
"(4, [10, 10])",-0.41107219879144113,0.07897560006006143,-0.5,-1.767050337126658
"(10, [4, 7])",-0.21594443037366573,0.607600936546751,-0.5,-0.6610194738693481
"(8, [4, 10])",1.5532694652881274,-0.14967822393836283,-0.75,-2.3672404206693525
"(1, [9, 10])",0.5256923700258141,0.6199013651901961,-0.640600845282708,1.8321080286776685
"(4, [5, 8])",-0.7460815862966759,1.1692259020498215,0.15092747117724525,-0.6174208693216601
"(10, [1, 2])",1.8249187081906464,0.25306331436051355,-0.75,-0.07576474233996111
"(9, [3, 6])",0.0,-0.5,-0.289733851625,-0.3469497757329597
"(5, [1, 7])",0.0,0.0,0.0,0.6917121455001338
"(2, [2, 9])",0.0,0.31153174990625,0.0,-1.4811449943974506
"(3, [8, 8])",0.7915348605960129,0.0,-0.5,0.0
"(1, [2, 7])",-0.19969499011409259,-0.7418126096819733,-0.10701090430459842,-0.789702679703125
"(10, [2, 7])",-0.6135950248056995,-0.7181889374684849,0.9745411478457634,-0.71884375
"(10, [3, 5])",1.9423382425324676,-0.6117024125660139,-0.7171362014569433,-0.5
"(8, [1, 3])",0.0,0.0023401080096849824,-0.74975,-1.49975
"(9, [1, 10])",0.7907889925005993,-0.4590204931007078,-0.9042753828125,-1.2315864381633814
"(4, [7, 8])",-0.12537500000000001,-0.5,0.0,0.0
"(9, [3, 10])",0.9245319090920204,-0.5,-0.26902301057669753,-0.4847387028993573
"(8, [3, 10])",-1.0111500867352772,-0.5,-0.48516949971193774,-1.8376399369682292
"(7, [1, 6])",-1.0112895000990878,-0.9800308377987066,-0.5,-1.0
"(8, [4, 4])",0.5,1.5538947448304254,-0.16834951317512065,0.0
"(10, [4, 9])",1.0125018007403588,-0.9514658189187601,-0.5,-1.089719842302184
"(2, [5, 7])",1.2448686103233766,0.0,0.0,0.0
"(6, [6, 10])",0.35707856144331396,-0.5,-0.74975,-0.750124875
"(9, [2, 6])",0.0,-0.5,0.0,0.18419262934250047
"(1, [5, 7])",0.5,0.0,-0.5,-0.12592153171797138
"(6, [3, 6])",0.5131401104197153,-0.250125125,0.0,-1.0
"(9, [2, 2])",0.0,-0.5,-0.5,-1.2761663259912763
"(5, [6, 10])",0.12822054544213768,-0.0005000000000000004,-0.3756867501875,-0.9503084978263494
"(8, [2, 6])",0.0,0.5,-0.5,-1.0
"(5, [2, 8])",-0.5,0.0,-0.5,0.0
"(9, [3, 5])",1.1840369970166187,0.0,-0.5,-0.48099639526358895
"(5, [1, 3])",-0.01635885939062498,-0.2651444209486177,0.0,0.4084910703576967
"(6, [2, 7])",0.12537500000000001,-0.5606983561328005,-0.5,-0.50074975
"(2, [1, 9])",-0.20377210805650464,-0.5,0.0,0.0
"(10, [3, 6])",0.7601105705676483,-0.21789688167561888,-0.75,-1.1518757461777196
"(10, [2, 9])",1.160848843461768,0.22257561354029876,0.0,-0.20331235937499992
"(7, [6, 10])",0.6246672349323759,-0.14807669376115207,-0.9177273060251109,-0.6644601278308011
"(6, [6, 7])",-0.5,-0.18309046154381753,-1.2167141548422822,-1.0017097099663077
"(2, [3, 7])",0.9709329627988545,1.1595159061953164,0.0,0.0
"(9, [1, 5])",1.7468211524985016,0.0,0.0,-1.0
"(2, [1, 5])",0.0,0.46904472472977127,0.0,-0.9716382183540608
"(8, [8, 8])",0.0,0.0,0.0,-1.24975
"(9, [6, 10])",-0.2726842195064667,0.03652250828443854,-0.6231093425228851,-0.9065622188125
"(4, [1, 5])",0.0,0.8125625000000001,-0.11097470759379643,0.0
"(2, [1, 1])",0.0,0.8547500034399842,0.0,-0.80521383362119
"(5, [1, 5])",-0.5,-0.5,-0.25025,1.0
"(7, [4, 4])",0.0,0.0,-0.4377500625,0.0
"(9, [2, 4])",1.4326330062768289,0.25,0.0,0.0
"(5, [1, 4])",1.109091411139189,0.0,0.0,0.0
"(7, [1, 8])",-0.3530796426245083,0.6218546635120265,-0.5,0.0
"(9, [5, 6])",0.0,0.0,-0.269867905491935,0.15300693111142194
"(1, [6, 7])",0.0,0.0,-0.2817499687499999,-1.340186558250743
"(1, [3, 8])",-0.453281203125,-0.013437935588859862,0.0,-1.0081158553334983
"(3, [8, 9])",-0.23110889472646096,0.5396625676248685,-0.25025,-1.0
"(10, [2, 4])",-0.5404728604203345,-0.5,-0.4770430370218993,-0.6294762111717851
"(2, [3, 4])",0.0,0.0,-0.5,0.0
"(8, [6, 7])",0.0,0.0,0.0,-0.5624999374999999
"(9, [8, 9])",0.0,-0.74975,-0.5,-0.5319372812500001
"(6, [1, 5])",-0.25,0.2857616926391228,-0.5,-0.8510586057571309
"(10, [4, 4])",0.0,-0.5,-0.5,-0.75025
"(1, [7, 8])",0.0,0.0,0.0,-0.5
"(8, [1, 8])",0.0,-0.5,-0.5859170861001934,0.0
"(4, [1, 3])",0.0,0.75,-0.622191211049464,0.0
"(9, [3, 4])",0.0,0.0,-0.69158581640625,-0.898766426833555
"(7, [3, 3])",-0.5,0.0,-0.74975,0.0
"(8, [1, 6])",0.0,0.9981652900336924,0.0,0.0
"(10, [2, 3])",0.5991079409476798,0.12130273492958368,-0.7775465392108867,-1.0
"(8, [6, 10])",2.027210573906082,0.0,0.03381615010220629,-0.3224783692558555
"(7, [1, 7])",0.875,-0.5,0.0,0.0
"(9, [6, 7])",0.0,0.47689053601955794,-0.5,-1.0
"(6, [4, 7])",-0.28153125,0.0,-0.06529798197284198,-0.5
"(4, [7, 9])",0.9482237050202172,0.0,-0.5624375,-1.1873125
"(5, [4, 10])",-0.1354618283143817,-0.10726280294851787,-0.25025,-0.5788383356215328
"(10, [1, 6])",1.1169180894284667,-0.8485878843300293,-0.06838029781184907,-1.596205567404902
"(1, [1, 10])",0.021064996853612072,0.0,-0.9140155078125001,-0.2294190654351218
"(2, [3, 9])",0.0,-0.5,0.0,1.5
"(6, [5, 10])",1.8325506817058104,-0.8813467783310528,-0.74975,-0.5
"(6, [1, 3])",0.11392254098660184,-0.34390624999999997,0.0,0.0
"(5, [4, 8])",-0.33332460269300634,0.0,0.0,-0.5194504086518466
"(3, [7, 10])",0.7423168067419992,-0.6906685896482274,-0.75,-0.37487500000000007
"(6, [4, 4])",0.5,0.74975,0.0,0.0
"(7, [4, 7])",-0.3754998749999999,1.158434790580587,0.0,-1.0
"(3, [3, 5])",-0.550261765640625,-0.74975,0.0,0.0
"(8, [7, 8])",1.3900412278493652,0.0,0.0,-0.5431910509023126
"(6, [2, 9])",0.6272441384330238,0.0,0.0,0.0
"(2, [8, 9])",0.9675703168318943,-0.5,-0.5,-0.3649080980430689
"(4, [5, 9])",0.5,0.0,-0.5,0.0
"(1, [5, 9])",0.0,-0.40746884511530823,-0.5584317935298241,-0.7748844555549151
"(2, [2, 4])",0.0,0.0,0.10864075000000006,0.34087956513045903
"(7, [8, 9])",-0.5,-0.017827281676685458,-0.0006248749999999692,-0.39096487056863594
"(10, [7, 7])",-0.5626248125,-0.5030950844656296,-0.6910071810612721,-1.0
"(6, [9, 9])",0.0,-0.5,-0.5,0.0
"(8, [2, 4])",-0.24694152348696397,0.0,0.0,0.0
"(8, [3, 4])",-0.3278508247208343,-0.27046644096261646,0.4616932271635158,-0.2510621875
"(1, [3, 7])",0.6483712862770394,0.0,-0.31798915797444555,0.0
"(8, [4, 7])",0.6866364462660708,-0.5,-0.5624375,0.0
"(1, [2, 9])",-0.0005000000000000004,-0.5253233684686333,0.0,-0.30278132175905326
"(2, [4, 6])",0.0,-0.4807964766718555,-0.5,0.0
"(10, [4, 8])",1.2836746161254609,0.7470676737512392,-0.5,-0.875125
"(2, [5, 8])",0.7506986950102132,0.0,-0.5,-1.0
"(1, [2, 8])",0.421640953109375,0.0,0.0,-0.6255623125
"(2, [8, 8])",0.0,-0.5,-0.5,-1.0
"(7, [4, 9])",1.1429081040313593,-0.125,-0.32447030527049525,-1.0
"(1, [8, 10])",0.8269964398992979,-0.23702588953872397,-0.7605052035710328,-1.0
"(10, [2, 2])",1.1238591317933566,0.0,-0.5131879355888599,-0.9687642943644297
"(9, [3, 7])",1.4749987014115167,-0.13087962527376662,0.0,0.0
"(7, [6, 8])",0.6849377387895474,0.0,-0.5,-0.28429259570312504
"(7, [2, 7])",0.37254212474365866,0.0,0.0,0.0
"(9, [1, 4])",0.0,0.0,0.0,-0.6192247432622846
"(9, [5, 5])",0.0005000000000000004,-0.5,0.0,0.0
"(1, [3, 9])",0.048985646900158664,-0.12549987499999998,-0.250374875,0.0
"(1, [2, 10])",-0.12449987499999993,-0.19814504061553373,-0.6649509852247503,-1.3078833848704159
"(9, [4, 10])",0.3952393179129139,-0.41230267774804685,0.0,0.03849321082159185
"(8, [3, 8])",-0.99975,0.0,0.0,0.0
"(3, [4, 4])",0.0,0.0,0.0,1.24975
"(6, [5, 9])",0.0,0.0,-0.500328473297223,-1.0
"(4, [2, 5])",0.15388887489065817,0.0,-0.6427041954950476,0.0
"(3, [5, 5])",0.5,-0.25025,-0.48460062797423786,0.0
"(3, [3, 9])",0.0,-0.25025,-0.6251249999999999,1.5300229141304773
"(7, [1, 5])",1.0332439948990184,-0.28131240625,0.0,0.0
"(7, [2, 5])",0.8477908626424533,0.0,0.0,-0.530321819051691
"(3, [5, 6])",0.3522365853492059,-0.9892725826749413,-0.75,-1.0
"(5, [1, 2])",1.9373150356239937,0.0,0.0,0.624875
"(3, [6, 10])",-0.44356042827162856,0.0,0.0,0.0
"(10, [4, 6])",-0.533084530460842,-0.47166658013570667,-0.45685488782071926,-1.0
"(9, [2, 9])",0.0,0.5,-0.250125125,-0.5
"(7, [3, 6])",-0.5,-0.9995,-0.40181150506589725,-1.0
"(8, [2, 5])",-0.2828367570827631,-0.4653779544370478,-0.5,-1.0
"(1, [1, 3])",0.0,0.0,0.0,1.5225786170000313
"(2, [1, 8])",0.2505,0.0,0.0,1.0
"(6, [2, 8])",0.0,0.0,0.0,-1.0
"(5, [3, 7])",0.0,0.0,0.0,-0.12864117116579799
"(10, [3, 8])",1.2763270466309502,-0.18774978128124997,-0.7162706530347567,-0.9552103500804807
"(6, [3, 7])",-0.5,-0.45359318765623435,-0.74975,-0.5
"(5, [6, 6])",0.0,0.9721726164247303,-0.39306124129955256,0.0
"(9, [2, 7])",-0.19427145976627802,0.5,-0.5,-0.7263299942616797
"(4, [6, 7])",0.4207593039330434,0.0,0.0,-1.0
"(3, [4, 8])",0.0,0.0,-0.5784292032499687,0.15263533952250152
"(7, [4, 8])",-0.4758953117138619,-0.10554621170026968,0.0,-1.0700820511119016
"(4, [4, 7])",0.0,-0.5,-0.39354456639032104,-0.008953628126874058
"(5, [4, 7])",0.5971137314440631,0.0,-0.5,0.0
"(9, [2, 5])",-0.5,-0.4018256399296484,-0.6326889875599163,-1.0510113204920977
"(6, [2, 6])",0.7777813337083268,-0.31249993750000005,0.0,0.0
"(2, [2, 3])",0.44555468749999994,0.0,0.0,0.0
"(7, [3, 9])",0.0,0.33272943173159264,0.0,0.0
"(5, [2, 5])",-0.0005624374999999571,0.0,-0.5,1.0005
"(8, [5, 10])",0.9776807166737317,0.5273679142079544,0.0,0.0
"(4, [3, 4])",-0.25,0.676515074558677,0.0,-1.0
"(1, [3, 6])",0.12439860062856756,0.0,-0.3211172516394936,0.0
"(4, [3, 10])",0.0,-0.22227079442322395,0.0,-0.812828187546875
"(9, [3, 3])",0.0,0.0,-0.24627528199355947,1.0
"(8, [1, 2])",-0.0005000000000000004,0.77151879226542,-0.5,-0.5629375
"(9, [7, 9])",0.6418869600928805,0.8121875000000001,0.0,0.0
"(5, [1, 10])",0.5667247516750047,-0.4649338806084799,-0.5570564043105469,-1.0
"(5, [5, 6])",1.0913377593991354,0.0,0.0,0.0
"(7, [1, 1])",0.0,0.0,-0.5,0.0
"(2, [9, 9])",0.0,-1.0489374417875064,-0.5,-1.0
"(8, [3, 9])",0.0,0.0,-0.3785449033388608,0.6564376874687501
"(4, [2, 2])",0.7102892093608728,0.0,0.0,0.0
"(1, [6, 8])",0.952921875,0.0,0.0,0.0
"(8, [5, 8])",0.9366764502635272,-0.624749875,0.0,0.0
"(8, [9, 9])",0.937856498953641,0.0,-0.009964553954917854,0.0
"(4, [1, 7])",0.0,0.0,0.0,-0.8409766200602379
"(6, [4, 8])",-0.624999875,-0.375125,-0.25025,0.0
"(6, [3, 9])",-0.22133624607352864,0.0,0.0,-0.19313795862349414
"(7, [1, 3])",0.5,-0.5,0.0,2.4565487859478345
"(3, [2, 2])",0.75,0.0,0.0,0.0
"(8, [1, 5])",0.0,1.189666616001877,-0.7657498593750001,0.0
"(5, [6, 9])",0.25025,1.3415131600173162,-0.5,0.0
"(2, [7, 8])",0.5,0.0,0.0,-1.0
"(4, [6, 6])",0.754289462650689,-0.5,0.0,0.0
"(9, [1, 2])",0.4416267983138267,0.10897807055998887,0.0,0.0
"(4, [3, 3])",1.1520665196379025,0.0,0.0,-0.36160831122281745
"(9, [1, 3])",0.0,0.8823753631525,-0.874625,-1.1179236385892461
"(6, [7, 9])",-0.702906265625,-0.6249374375,-0.5,-1.0
"(9, [4, 7])",0.6034817227604692,0.0,-0.5139293633554434,0.0
"(7, [2, 6])",0.75,0.0,0.0,-0.682261556730464
"(4, [7, 7])",0.0,0.0,-0.0030823444028587055,0.0
"(2, [1, 6])",1.198764932731724,-0.4278546145570957,-0.5,-0.2528675720408695
"(2, [3, 6])",1.282222741005463,0.0,-0.5,-0.25024999999999986
"(3, [5, 7])",0.0,0.0,0.0,0.2769767650509468
"(5, [4, 6])",0.0,0.0,-0.5,-0.5392340079999687
"(4, [5, 6])",-0.09905162219042773,0.0,-0.5,-0.9308675684373307
"(8, [5, 5])",1.1958487201407033,0.0,0.0,0.0
"(3, [6, 9])",2.2380271957867834,-0.5,0.0,-1.0536460975981863
"(7, [5, 7])",1.0085707006090687,-0.031468750000000045,-0.25025,0.0
"(3, [3, 8])",0.0,1.24925,-0.25025,0.0
"(4, [2, 9])",0.0,0.0,-0.25025,1.9479768831945536
"(5, [6, 7])",1.4185183710164457,0.0,0.0,0.0
"(5, [1, 8])",-0.5626248125,-0.12524987499999995,0.0,0.0
"(6, [5, 8])",0.11492472592167702,0.0,0.0,0.0
"(9, [4, 5])",0.4531234169673537,-0.2660656076078026,-0.2240710967333711,-0.625499875
"(2, [2, 7])",0.0,1.2071358118411015,-0.5,-1.0313054547965619
"(1, [3, 3])",0.0,0.0,0.0,-1.0
"(1, [1, 8])",0.052832475373342236,0.0,-0.6408433281875,0.0
"(3, [4, 7])",-0.25025,0.0,-0.12537500000000001,0.0
"(2, [1, 3])",0.5,0.0,-0.4294648053257139,0.0
"(4, [2, 6])",0.0,-0.5,0.0,0.0
"(6, [1, 9])",0.9019294348098712,-0.6245265789565158,0.0,-0.75025
"(9, [3, 9])",0.0,0.29520744401138865,-0.74975,0.0
"(4, [4, 5])",0.0,0.7965670613377307,0.0,-0.4092962515352798
"(4, [1, 6])",0.0,-0.5,0.2651301766915467,0.0
"(8, [1, 1])",0.0,-0.5,-0.0005000000000000004,-0.5398172094808142
"(1, [4, 5])",-0.015169981669349075,-0.12543749993750003,-0.5,-1.124875
"(7, [1, 9])",0.0,0.0,-0.5,-1.1288356914466127
"(3, [1, 9])",0.0,0.0,-0.99925025,0.0
"(5, [7, 9])",0.0,0.0,-0.20342185939062501,0.0
"(4, [4, 8])",-0.7458185118779959,0.07421318962223011,-0.9995,-1.374625
"(5, [2, 3])",0.040648527259194156,0.0,-0.47449707287446297,0.0
"(7, [7, 7])",-0.0005000000000000004,0.6026349180886219,0.0,0.0
"(8, [1, 4])",0.8775299604995134,0.0,0.0,0.0
"(1, [2, 5])",0.5,0.0,0.0,-1.0
"(3, [1, 6])",-0.15414138044494696,-0.030877984765265376,0.0,0.0
"(4, [2, 4])",0.752805418036523,0.0,0.0,0.0
"(1, [4, 8])",1.0678417196121313,-0.09351107757759247,0.0,0.0
"(6, [3, 5])",-0.5,0.5641021792527494,-0.25025,-1.0
"(9, [2, 3])",0.517982912243149,0.0,0.0,0.0
"(6, [4, 9])",0.0,-0.11527245767494126,-0.5,-0.59906359065491
"(9, [2, 8])",0.0,0.0,0.26261351358439167,-0.39073437499999986
"(3, [2, 6])",0.874625,1.4042896732897554,-0.46595929699453814,-1.0429842851875
"(5, [5, 8])",-0.874625,0.0,-0.0005000000000000004,0.0
"(8, [3, 3])",0.7810937186562501,0.0,0.0,0.0
"(7, [2, 3])",-0.14087075026166418,0.0,0.0,-1.218406375
"(2, [1, 4])",0.0,0.7146218966251933,-0.14041139315305806,-1.004316439502669
"(5, [3, 8])",0.0,-0.4775943838728712,0.0,0.0
"(9, [5, 7])",0.0,0.0,0.0,-0.438499437625
"(3, [3, 7])",-0.4583381308702438,-0.3473533836635575,-0.5,0.0
"(8, [4, 8])",-0.5,0.0,-0.25025,0.0
"(4, [1, 8])",0.624500375,0.0,0.0,0.0
"(5, [6, 8])",0.0,-0.14913467332355085,-0.74975,-1.2625560524716126
"(3, [1, 3])",0.9234993239997566,-0.09222842976170514,-0.5,0.0
"(2, [4, 4])",0.5,0.0,0.0,0.0
"(5, [8, 9])",0.0,0.48276853933300334,0.0,0.0
"(7, [6, 7])",0.0,-0.425918642680851,0.0,-0.13794222777745768
"(1, [1, 2])",0.0,0.0,0.0,-0.4292825637366272
"(6, [3, 8])",0.0,-0.5,-0.11755369845233843,-1.0
"(10, [1, 1])",0.06447496003113873,-0.17571469764982467,-0.7145007326703596,-0.5463642148808525
"(4, [5, 5])",0.0,-0.6064755604792267,-0.74975,0.0
"(4, [1, 4])",0.0,-0.30398908687014775,0.0,0.0
"(5, [2, 7])",0.0,0.0,-0.06299993749999999,0.0
"(1, [1, 6])",-0.30880076562500003,-0.09141744723870049,0.0,0.0
"(6, [2, 3])",0.4087794930092588,0.0,0.43659371874999997,0.18470082845378766
"(7, [1, 2])",0.9981345250719016,-0.4228872835797186,-0.5,-1.0003832534403776
"(4, [3, 9])",0.0,-0.9995,-0.25025,0.0
"(5, [5, 7])",0.5,0.0,0.06289891180083806,-1.2890809117151476
"(4, [1, 2])",0.0,0.0,-0.5,-1.0
"(7, [2, 2])",0.25025,0.0,0.0,0.0
"(5, [7, 7])",0.0,0.0,-0.23862848830612143,-0.7840699666013577
"(2, [5, 9])",0.0,0.0,0.0,1.95306248414075
"(5, [3, 9])",0.5,0.0,-0.365691724004436,0.0
"(1, [1, 1])",0.0,-0.5,0.0,-0.15299455250148475
"(3, [3, 4])",0.0,0.0,-0.5,0.0
"(1, [6, 9])",-0.25025,-0.5,-0.19989279309311198,1.0
"(3, [6, 8])",0.0,0.0,-1.0619375,0.0
"(9, [5, 9])",0.0,-0.5,0.0,-1.2868472216474527
"(3, [4, 9])",-0.5,-0.23338532651737837,0.0,0.0
"(1, [1, 5])",0.74975,0.0,0.0,0.0
"(8, [2, 7])",1.4174458835684072,-0.5,0.0,0.0
"(2, [2, 2])",0.0,-0.8484002724628907,-0.5471617247187188,0.0
"(1, [1, 9])",1.2306160975934568,-0.563581732575467,-0.5,0.0
"(7, [2, 8])",0.0,-1.2495,-0.874625,0.0
"(4, [8, 8])",0.0,0.624875,0.0,0.0
"(1, [7, 7])",0.0,0.37082506228236345,0.0,0.0
"(5, [2, 4])",0.0,0.0,-0.19787499828000793,-1.374500125
"(6, [6, 9])",0.0,1.0608357750825872,-0.6873125,0.0
"(2, [5, 6])",0.1257718935011285,0.0,0.0,-0.7586331290053379
"(9, [5, 8])",0.0,-0.6530284561996826,0.0,1.4601036460390218
"(7, [4, 5])",0.40631253125,-0.5,0.0,0.0
"(8, [2, 8])",0.5990733355815046,0.0,-0.5,-0.6591772262003914
"(7, [3, 5])",1.350485569755442,-0.5,0.0,-0.6618643054922011
"(1, [9, 9])",0.0,0.0,-0.090229256790607,0.0
"(5, [3, 3])",0.0,0.0,0.0,-0.003846982348427286
"(8, [7, 9])",-0.453546734390625,0.0,0.0,0.0
"(2, [2, 5])",0.0,0.0,-0.4068521763086168,-0.039852863161190966
"(7, [5, 5])",0.0,0.0,0.0,1.0
"(3, [7, 7])",0.0,0.0,-0.6194807815515764,-1.0453486045624711
"(7, [3, 4])",0.4052594179912904,0.0,0.0,-0.5202684367047237
"(8, [2, 9])",-0.5,0.9311944819019622,-0.5,-0.8254946428517385
"(3, [7, 8])",0.03569423957782669,-0.33068666799818575,0.0,-0.9733305183821974
"(4, [2, 3])",1.1485588324216822,-0.7504860783703613,-0.5,-1.1913942305898437
"(8, [4, 5])",0.0,0.7976483087627121,0.0,0.0
"(1, [2, 3])",0.0,0.2646477099873967,0.0,0.0
"(4, [8, 9])",0.0,0.0,0.12171105644891278,0.0
"(6, [8, 8])",0.6092285668440461,0.0,0.0,0.0
"(6, [7, 8])",0.5,0.0,0.0,0.0
"(9, [1, 1])",0.0,0.0,0.0,1.0
"(2, [3, 8])",0.0,-0.25704943393477186,0.0,0.0
"(4, [3, 5])",0.0,-0.12538192309062013,-0.453327921921875,0.0
"(7, [9, 9])",0.0,-0.5937186875,0.0,0.0
"(7, [7, 8])",-0.3398732348458977,0.0,0.0,0.0
"(6, [5, 7])",0.0,0.0,0.0,-1.023780703343711
"(7, [2, 4])",0.74975,0.0,-0.5942587672521775,0.0
"(9, [1, 6])",0.0,0.0,0.0,-1.0
"(4, [5, 7])",0.0,0.0,-0.30695861360537696,0.0
"(1, [5, 5])",0.0,0.9102348887039309,0.0,0.0
"(1, [5, 8])",0.1739879960537581,0.0,-0.874500125,-1.0
"(5, [4, 4])",0.0,-0.7866990651601427,0.0,0.0
"(3, [9, 9])",0.8862697225273437,0.0,0.0,0.0
"(10, [3, 3])",0.6386443919092075,0.0,-0.5713519727475238,0.0
"(6, [7, 7])",0.0,0.5674274225492452,0.0,0.0
"(1, [5, 6])",0.74975,0.0,-0.7106106850554055,0.0
"(3, [3, 3])",0.0,0.0,-0.24079334408169073,0.0
"(9, [6, 8])",1.1431324781735752,0.0,0.0,0.0
"(9, [1, 9])",-0.25025,0.0,0.0,0.0
"(3, [1, 5])",0.0,0.0,0.0,1.734359681816858
"(6, [5, 6])",0.13647728058176045,0.0,0.0,0.0
"(1, [8, 8])",0.0,0.0,0.0,-1.0626248125
"(2, [4, 7])",0.0,0.0,-0.14982541358186197,0.0
"(9, [6, 9])",0.0,-0.07515431602185202,0.0,-1.3863904766718553
"(2, [2, 6])",0.0,0.0,0.0,1.6178779077700494
"(6, [1, 2])",0.0,-0.37407611949408026,0.0,0.0
"(5, [8, 8])",0.0,1.212100858802861,0.0,0.0
"(5, [3, 5])",-0.2827619951900615,0.0,-1.0560895518215336,0.0
"(7, [3, 7])",-0.3183080350544787,0.0,0.0,0.0
"(8, [8, 9])",-0.5,0.0,0.0,0.0
"(4, [4, 4])",0.0,0.0,-0.10090359141987598,0.0
